"country","date","polity2","repress","groups","exclgrps","exclpop","activity","lngdppc","lnpop","grievSentL1","activityL1","allL1","relevantL1"
"Botswana",2014-09-01,8,3,1,1,0.0199999995529652,0,8.87548952052491,14.6129898255305,NA,NA,NA,NA
"Botswana",2014-09-02,8,3,1,1,0.0199999995529652,0,8.87548952052491,14.6129898255305,0.410639927575115,0,11.1865441433792,6.74641212857337
"Botswana",2014-09-03,8,3,1,1,0.0199999995529652,0,8.87548952052491,14.6129898255305,0.460515489473462,0,11.10437058844,6.2803958389602
"Botswana",2014-09-04,8,3,1,1,0.0199999995529652,0,8.87548952052491,14.6129898255305,0.435899052363527,0,11.0638532374797,6.70073110954781
"Botswana",2014-09-05,8,3,1,1,0.0199999995529652,0,8.87548952052491,14.6129898255305,0.447277625854327,0,11.0183012205422,6.41836493593621
"Botswana",2014-09-06,8,3,1,1,0.0199999995529652,0,8.87548952052491,14.6129898255305,0.425853504420196,0,10.9617811922066,6.91968384984741
"Botswana",2014-09-07,8,3,1,1,0.0199999995529652,0,8.87548952052491,14.6129898255305,0.425590663290475,0,11.0426818069199,6.2709884318583
"Botswana",2014-09-08,8,3,1,1,0.0199999995529652,0,8.87548952052491,14.6129898255305,0.42321115405027,0,11.0828653645067,5.97635090929793
"Botswana",2014-09-09,8,3,1,1,0.0199999995529652,0,8.87548952052491,14.6129898255305,0.44172171479185,0,11.0365978816118,6.3578422665081
"Botswana",2014-09-10,8,3,1,1,0.0199999995529652,0,8.87548952052491,14.6129898255305,0.458718202521608,0,10.988423410388,6.53958595561767
"Botswana",2014-09-11,8,3,1,1,0.0199999995529652,0,8.87548952052491,14.6129898255305,0.431908069367502,0,11.014127221417,6.70073110954781
"Botswana",2014-09-12,8,3,1,1,0.0199999995529652,0,8.87548952052491,14.6129898255305,0.445078483362551,0,11.0061914591075,6.80128303447162
"Botswana",2014-09-13,8,3,1,1,0.0199999995529652,0,8.87548952052491,14.6129898255305,0.455132983170379,0,10.9145246689483,6.57507584059962
"Botswana",2014-09-14,8,3,1,1,0.0199999995529652,0,8.87548952052491,14.6129898255305,0.447387539971174,0,10.9077342151685,6.36818718635049
"Botswana",2014-09-15,8,3,1,1,0.0199999995529652,0,8.87548952052491,14.6129898255305,0.420459991377428,0,10.9994463237387,7.09837563859079
"Botswana",2014-09-16,8,3,1,1,0.0199999995529652,0,8.87548952052491,14.6129898255305,0.461494940839859,0,10.8999748264046,6.63725803128446
"Botswana",2014-09-17,8,3,1,1,0.0199999995529652,0,8.87548952052491,14.6129898255305,0.47573369165376,0,11.0321601358004,6.63856778916652
"Botswana",2014-09-18,8,3,1,1,0.0199999995529652,0,8.87548952052491,14.6129898255305,0.453738750817997,0,10.9239400818925,6.18826412308259
"Botswana",2014-09-19,8,3,1,1,0.0199999995529652,0,8.87548952052491,14.6129898255305,0.440119957371737,0,10.8482102384045,6.20253551718792
"Botswana",2014-09-20,8,3,1,1,0.0199999995529652,0,8.87548952052491,14.6129898255305,0.446227204766105,0,10.8804405525769,6.36990098282823
"Botswana",2014-09-21,8,3,1,1,0.0199999995529652,0,8.87548952052491,14.6129898255305,0.449979205558587,0,11.0769135166717,7.61283103040736
"Botswana",2014-09-22,8,3,1,1,0.0199999995529652,0,8.87548952052491,14.6129898255305,0.424830486783248,0,11.0979704699883,6.18208490671663
"Botswana",2014-09-23,8,3,1,1,0.0199999995529652,0,8.87548952052491,14.6129898255305,0.450189978950643,0,10.8653824262153,6.27852142416584
"Botswana",2014-09-24,8,3,1,1,0.0199999995529652,0,8.87548952052491,14.6129898255305,0.428277551463824,0,10.9175944126106,6.60800062529609
"Botswana",2014-09-25,8,3,1,1,0.0199999995529652,0,8.87548952052491,14.6129898255305,0.444447315442265,0,11.0256210362456,6.46614472423762
"Botswana",2014-09-26,8,3,1,1,0.0199999995529652,0,8.87548952052491,14.6129898255305,0.445400099119918,0,10.9404371808121,6.31716468674728
"Botswana",2014-09-27,8,3,1,1,0.0199999995529652,1,8.87548952052491,14.6129898255305,0.415592829490739,0,10.9233271600388,6.51767127291227
"Botswana",2014-09-28,8,3,1,1,0.0199999995529652,0,8.87548952052491,14.6129898255305,0.4345426731472,1,10.8600177092698,6.42162226780652
"Botswana",2014-09-29,8,3,1,1,0.0199999995529652,0,8.87548952052491,14.6129898255305,0.437608449948875,0,11.0067556527404,6.09356977004514
"Botswana",2014-09-30,8,3,1,1,0.0199999995529652,0,8.87548952052491,14.6129898255305,0.454483443830066,0,10.967266821364,6.31354804627709
"Botswana",2014-10-01,8,3,1,1,0.0199999995529652,0,8.87548952052491,14.6129898255305,0.430764544591205,0,10.9422436740509,6.51471269087253
"Botswana",2014-10-02,8,3,1,1,0.0199999995529652,0,8.87548952052491,14.6129898255305,0.433893818214628,0,10.9599053775011,6.19440539110467
"Botswana",2014-10-03,8,3,1,1,0.0199999995529652,0,8.87548952052491,14.6129898255305,0.44244846704993,0,10.9144882841426,6.46146817635372
"Botswana",2014-10-04,8,3,1,1,0.0199999995529652,0,8.87548952052491,14.6129898255305,0.474478545581554,0,10.9323209465963,6.88857245956536
"Botswana",2014-10-05,8,3,1,1,0.0199999995529652,0,8.87548952052491,14.6129898255305,0.436479095685467,0,10.9089789298686,6.47850964220857
"Botswana",2014-10-06,8,3,1,1,0.0199999995529652,0,8.87548952052491,14.6129898255305,0.427084221028081,0,11.0619084438931,7.36454701425564
"Botswana",2014-10-07,8,3,1,1,0.0199999995529652,0,8.87548952052491,14.6129898255305,0.438949645139776,0,10.8729967245151,6.48920493132532
"Botswana",2014-10-08,8,3,1,1,0.0199999995529652,0,8.87548952052491,14.6129898255305,0.430314207425818,0,11.019513997458,6.09356977004514
"Botswana",2014-10-09,8,3,1,1,0.0199999995529652,0,8.87548952052491,14.6129898255305,0.429685726955215,0,11.0356152072087,6.24997524225948
"Botswana",2014-10-10,8,3,1,1,0.0199999995529652,0,8.87548952052491,14.6129898255305,0.44258252369509,0,11.0083469539647,6.41345895716736
"Botswana",2014-10-11,8,3,1,1,0.0199999995529652,0,8.87548952052491,14.6129898255305,0.430729702268423,0,11.0258651947545,6.64639051484773
"Botswana",2014-10-12,8,3,1,1,0.0199999995529652,0,8.87548952052491,14.6129898255305,0.423920732954424,0,10.9759269669002,6.1527326947041
"Botswana",2014-10-13,8,3,1,1,0.0199999995529652,0,8.87548952052491,14.6129898255305,0.423907667751871,0,10.9533121770317,6.45519856334012
"Botswana",2014-10-14,8,3,1,1,0.0199999995529652,0,8.87548952052491,14.6129898255305,0.464210398607178,0,10.8944032657489,6.73340189183736
"Botswana",2014-10-15,8,3,1,1,0.0199999995529652,0,8.87548952052491,14.6129898255305,0.429057076881693,0,10.9672840786617,7.05703698169789
"Botswana",2014-10-16,8,3,1,1,0.0199999995529652,0,8.87548952052491,14.6129898255305,0.429780091061689,0,11.0012494797494,6.88346258641309
"Botswana",2014-10-17,8,3,1,1,0.0199999995529652,0,8.87548952052491,14.6129898255305,0.432502229797034,0,10.9653839882676,6.7719355558396
"Botswana",2014-10-18,8,3,1,1,0.0199999995529652,0,8.87548952052491,14.6129898255305,0.452197511384468,0,10.9095641422991,6.88141130364254
"Botswana",2014-10-19,8,3,1,1,0.0199999995529652,0,8.87548952052491,14.6129898255305,0.438453445287566,0,10.8450365906244,6.79122146272619
"Botswana",2014-10-20,8,3,1,1,0.0199999995529652,0,8.87548952052491,14.6129898255305,0.442160597550851,0,10.9280046894812,6.76734312526539
"Botswana",2014-10-21,8,3,1,1,0.0199999995529652,0,8.87548952052491,14.6129898255305,0.451192163864212,0,10.988305130182,7.20563517641036
"Botswana",2014-10-22,8,3,1,1,0.0199999995529652,0,8.87548952052491,14.6129898255305,0.464380008407252,0,10.9274481315085,6.89871453432999
"Botswana",2014-10-23,8,3,1,1,0.0199999995529652,0,8.87548952052491,14.6129898255305,0.433623753026851,0,10.9563002009573,6.86797440897029
"Botswana",2014-10-24,8,3,1,1,0.0199999995529652,0,8.87548952052491,14.6129898255305,0.443428580998336,0,11.004796202752,7.70391020961631
"Botswana",2014-10-25,8,3,1,1,0.0199999995529652,0,8.87548952052491,14.6129898255305,0.46435005421844,0,11.0307196914414,8.56445838388335
"Botswana",2014-10-26,8,3,1,1,0.0199999995529652,0,8.87548952052491,14.6129898255305,0.432126768285691,0,11.1117013511193,9.22207129485188
"Botswana",2014-10-27,8,3,1,1,0.0199999995529652,0,8.87548952052491,14.6129898255305,0.430890350340372,0,11.1335519903661,8.70979505761775
"Botswana",2014-10-28,8,3,1,1,0.0199999995529652,0,8.87548952052491,14.6129898255305,0.427221008263412,0,11.0188586250192,7.57095858316901
"Botswana",2014-10-29,8,3,1,1,0.0199999995529652,0,8.87548952052491,14.6129898255305,0.452582676937864,0,11.1293490421197,7.5595594960077
"Botswana",2014-10-30,8,3,1,1,0.0199999995529652,0,8.87548952052491,14.6129898255305,0.447608471683806,0,11.0577552742824,7.39203156751459
"Botswana",2014-10-31,8,3,1,1,0.0199999995529652,0,8.87548952052491,14.6129898255305,0.436304227103328,0,10.9328390766943,6.67959918584438
"Botswana",2014-11-01,8,3,1,1,0.0199999995529652,0,8.87548952052491,14.6129898255305,0.439714359644323,0,10.877027805211,6.58479139238572
"Botswana",2014-11-02,8,3,1,1,0.0199999995529652,0,8.87548952052491,14.6129898255305,0.445480689343919,0,10.9679741264749,6.20657592672493
"Botswana",2014-11-03,8,3,1,1,0.0199999995529652,0,8.87548952052491,14.6129898255305,0.445615317060848,0,10.9910051891986,6.42486902390539
"Botswana",2014-11-04,8,3,1,1,0.0199999995529652,0,8.87548952052491,14.6129898255305,0.470679928521369,0,10.9355860371459,6.51471269087253
"Botswana",2014-11-05,8,3,1,1,0.0199999995529652,0,8.87548952052491,14.6129898255305,0.435228755626561,0,10.9158154726072,7.17165682276851
"Botswana",2014-11-06,8,3,1,1,0.0199999995529652,0,8.87548952052491,14.6129898255305,0.457356493753258,0,10.9651764870996,6.85224256905188
"Botswana",2014-11-07,8,3,1,1,0.0199999995529652,0,8.87548952052491,14.6129898255305,0.497330083664013,0,10.8377164295413,6.60394382460047
"Botswana",2014-11-08,8,3,1,1,0.0199999995529652,0,8.87548952052491,14.6129898255305,0.461103557831955,0,10.999897417649,6.56526497003536
"Botswana",2014-11-09,8,3,1,1,0.0199999995529652,0,8.87548952052491,14.6129898255305,0.44780696451372,0,10.9316237273999,6.3261494731551
"Botswana",2014-11-10,8,3,1,1,0.0199999995529652,0,8.87548952052491,14.6129898255305,0.422606581989622,0,10.9827301201906,6.57786135772105
"Botswana",2014-11-11,8,3,1,1,0.0199999995529652,0,8.87548952052491,14.6129898255305,0.490412119195465,0,10.8589220715279,6.88346258641309
"Botswana",2014-11-12,8,3,1,1,0.0199999995529652,0,8.87548952052491,14.6129898255305,0.463789303707809,0,10.9815399272389,7.00488198971286
"Botswana",2014-11-13,8,3,1,1,0.0199999995529652,0,8.87548952052491,14.6129898255305,0.45329354732882,0,10.9537320878068,7.16626597413364
"Botswana",2014-11-14,8,3,1,1,0.0199999995529652,0,8.87548952052491,14.6129898255305,0.443831046978834,0,10.8676346794196,7.10332206252611
"Botswana",2014-11-15,8,3,1,1,0.0199999995529652,1,8.87548952052491,14.6129898255305,0.4312832810087,0,10.946587131274,7.56631101477246
"Botswana",2014-11-16,8,3,1,1,0.0199999995529652,0,8.87548952052491,14.6129898255305,0.43822764181302,1,10.9095641422991,6.7286286130847
"Botswana",2014-11-17,8,3,1,1,0.0199999995529652,0,8.87548952052491,14.6129898255305,0.438540844225404,0,10.9694216788137,6.39859493453521
"Kenya",2013-01-08,9,4,8,2,0.0799999982118607,7,7.14052662444892,17.5926957635037,NA,NA,NA,NA
"Kenya",2013-01-09,9,4,8,2,0.0799999982118607,13,7.14052662444892,17.5926957635037,0.411914294754131,7,10.4754835315319,8.85922139360813
"Kenya",2013-01-10,9,4,8,2,0.0799999982118607,7,7.14052662444892,17.5926957635037,0.397966471245966,13,10.5453151225728,8.97309789628247
"Kenya",2013-01-11,9,4,8,2,0.0799999982118607,8,7.14052662444892,17.5926957635037,0.404359251668061,7,10.4931613246198,9.01408214944336
"Kenya",2013-01-12,9,4,8,2,0.0799999982118607,1,7.14052662444892,17.5926957635037,0.404577754590702,8,10.6287146265595,9.35123211067366
"Kenya",2013-01-13,9,4,8,2,0.0799999982118607,2,7.14052662444892,17.5926957635037,0.448865002801481,1,10.7254456266755,9.52660990127988
"Kenya",2013-01-14,9,4,8,2,0.0799999982118607,2,7.14052662444892,17.5926957635037,0.46229594670838,2,10.4440661344515,9.01845321031253
"Kenya",2013-01-15,9,4,8,2,0.0799999982118607,0,7.14052662444892,17.5926957635037,0.434294715596131,2,10.6502939764178,9.2127374965759
"Kenya",2013-01-16,9,4,8,2,0.0799999982118607,4,7.14052662444892,17.5926957635037,0.42906731800161,0,10.5964847218449,9.01481198769495
"Kenya",2013-01-17,9,4,8,2,0.0799999982118607,3,7.14052662444892,17.5926957635037,0.417908415216767,4,10.6510282169264,9.10197534729806
"Kenya",2013-01-18,9,4,8,2,0.0799999982118607,6,7.14052662444892,17.5926957635037,0.416362581529826,3,10.6675124937295,9.2596066132791
"Kenya",2013-01-19,9,4,8,2,0.0799999982118607,5,7.14052662444892,17.5926957635037,0.400924230408941,6,10.8453485605218,9.58623934448258
"Kenya",2013-01-20,9,4,8,2,0.0799999982118607,6,7.14052662444892,17.5926957635037,0.408022027303233,5,10.6320260079163,9.10442414638463
"Kenya",2013-01-21,9,4,8,2,0.0799999982118607,3,7.14052662444892,17.5926957635037,0.403668677417175,6,10.5324694756203,8.9680140012452
"Kenya",2013-01-22,9,4,8,2,0.0799999982118607,8,7.14052662444892,17.5926957635037,0.405415011089354,3,10.6660208605811,9.29890054895566
"Kenya",2013-01-23,9,4,8,2,0.0799999982118607,8,7.14052662444892,17.5926957635037,0.427097050122731,8,10.663358365139,9.25560050338105
"Kenya",2013-01-24,9,4,8,2,0.0799999982118607,1,7.14052662444892,17.5926957635037,0.426123386930713,8,10.5997299380034,8.99912539152725
"Kenya",2013-01-25,9,4,8,2,0.0799999982118607,1,7.14052662444892,17.5926957635037,0.408551053589392,1,10.6059908280201,8.90027634863127
"Kenya",2013-01-26,9,4,8,2,0.0799999982118607,2,7.14052662444892,17.5926957635037,0.430704843781008,1,10.643780689153,9.06392635352065
"Kenya",2013-01-27,9,4,8,2,0.0799999982118607,2,7.14052662444892,17.5926957635037,0.417661664894382,2,10.4966210089497,8.6960086088809
"Kenya",2013-01-28,9,4,8,2,0.0799999982118607,3,7.14052662444892,17.5926957635037,0.416963337272355,2,10.4390448125213,8.64329706821196
"Kenya",2013-01-29,9,4,8,2,0.0799999982118607,0,7.14052662444892,17.5926957635037,0.423583797409759,3,10.6569298888798,9.11515018497243
"Kenya",2013-01-30,9,4,8,2,0.0799999982118607,5,7.14052662444892,17.5926957635037,0.430275695703557,0,10.6677686442543,9.220488703028
"Kenya",2013-01-31,9,4,8,2,0.0799999982118607,5,7.14052662444892,17.5926957635037,0.457520346090977,5,10.7713440568879,9.36597566350763
"Kenya",2013-02-01,9,4,8,2,0.0799999982118607,1,7.14052662444892,17.5926957635037,0.411696585661028,5,10.6349896869725,9.01724094201035
"Kenya",2013-02-02,9,4,8,2,0.0799999982118607,2,7.14052662444892,17.5926957635037,0.405096656279469,1,10.5498051457393,8.90435854235297
"Kenya",2013-02-03,9,4,8,2,0.0799999982118607,7,7.14052662444892,17.5926957635037,0.409502193306624,2,10.4563376475574,8.79633893284573
"Kenya",2013-02-04,9,4,8,2,0.0799999982118607,4,7.14052662444892,17.5926957635037,0.420309647599444,7,10.6566709465401,9.05403737758078
"Kenya",2013-02-05,9,4,8,2,0.0799999982118607,7,7.14052662444892,17.5926957635037,0.423228814572106,4,10.8717823261571,9.00011304592852
"Kenya",2013-02-06,9,4,8,2,0.0799999982118607,4,7.14052662444892,17.5926957635037,0.418740109229924,7,10.6606653127532,9.20643274714516
"Kenya",2013-02-07,9,4,8,2,0.0799999982118607,3,7.14052662444892,17.5926957635037,0.420051061381881,4,10.6135901737455,9.01335177813882
"Kenya",2013-02-08,9,4,8,2,0.0799999982118607,3,7.14052662444892,17.5926957635037,0.412188716406225,3,10.5653762371933,8.95027346655738
"Kenya",2013-02-09,9,4,8,2,0.0799999982118607,2,7.14052662444892,17.5926957635037,0.413804658788389,3,10.5985329303792,9.01881660441743
"Kenya",2013-02-10,9,4,8,2,0.0799999982118607,2,7.14052662444892,17.5926957635037,0.40114363725825,2,10.3686670644164,8.63958779962984
"Kenya",2013-02-11,9,4,8,2,0.0799999982118607,0,7.14052662444892,17.5926957635037,0.403901586798796,2,10.457056523841,8.82055174325303
"Kenya",2013-02-12,9,4,8,2,0.0799999982118607,1,7.14052662444892,17.5926957635037,0.4327998380607,0,12.356413218969,11.9830728338849
"Kenya",2013-02-13,9,4,8,2,0.0799999982118607,3,7.14052662444892,17.5926957635037,0.412695737737535,1,10.6912401191371,9.52098184856287
"Kenya",2013-02-14,9,4,8,2,0.0799999982118607,4,7.14052662444892,17.5926957635037,0.420586473045267,3,10.6322914103041,9.19471899107323
"Kenya",2013-02-15,9,4,8,2,0.0799999982118607,1,7.14052662444892,17.5926957635037,0.418891597121403,4,10.5353708444922,8.90027634863127
"Kenya",2013-02-16,9,4,8,2,0.0799999982118607,2,7.14052662444892,17.5926957635037,0.396501625781093,1,10.6317363976814,9.22355270344832
"Kenya",2013-02-17,9,4,8,2,0.0799999982118607,5,7.14052662444892,17.5926957635037,0.402149229538499,2,10.4695397252922,8.86897618927454
"Kenya",2013-02-18,9,4,8,2,0.0799999982118607,2,7.14052662444892,17.5926957635037,0.417322831883097,5,10.6005271478114,9.16366796377775
"Kenya",2013-02-19,9,4,8,2,0.0799999982118607,1,7.14052662444892,17.5926957635037,0.401305717956807,2,10.6276487866252,9.13744704645586
"Kenya",2013-02-20,9,4,8,2,0.0799999982118607,2,7.14052662444892,17.5926957635037,0.407335946378662,1,10.7033118816123,9.26378634768181
"Kenya",2013-02-21,9,4,8,2,0.0799999982118607,1,7.14052662444892,17.5926957635037,0.436357686964604,2,10.7362227473031,9.50524628951728
"Kenya",2013-02-22,9,4,8,2,0.0799999982118607,2,7.14052662444892,17.5926957635037,0.409310821975286,1,10.6915357382908,9.33961270768032
"Kenya",2013-02-23,9,4,8,2,0.0799999982118607,0,7.14052662444892,17.5926957635037,0.411018353796815,2,10.7239719815573,9.32989960703382
"Kenya",2013-02-24,9,4,8,2,0.0799999982118607,3,7.14052662444892,17.5926957635037,0.410867849011061,0,10.4562801151234,8.90652891759452
"Kenya",2013-02-25,9,4,8,2,0.0799999982118607,1,7.14052662444892,17.5926957635037,0.393635888050656,3,10.6438045375725,9.2841482991209
"Kenya",2013-02-26,9,4,8,2,0.0799999982118607,3,7.14052662444892,17.5926957635037,0.443485284601305,1,12.1000230035905,11.6932450190935
"Kenya",2013-02-27,9,4,8,2,0.0799999982118607,2,7.14052662444892,17.5926957635037,0.416605930878819,3,10.8155292701209,9.64601132214141
"Kenya",2013-02-28,9,4,8,2,0.0799999982118607,2,7.14052662444892,17.5926957635037,0.408019602534589,2,10.70555640032,9.36802764781178
"Kenya",2013-03-01,9,4,8,2,0.0799999982118607,8,7.14052662444892,17.5926957635037,0.400508271471486,2,10.7980437922643,9.51266472116483
"Kenya",2013-03-02,9,4,8,2,0.0799999982118607,3,7.14052662444892,17.5926957635037,0.390369162619377,8,10.9046523790383,9.6973240212566
"Kenya",2013-03-03,9,4,8,2,0.0799999982118607,6,7.14052662444892,17.5926957635037,0.39842827075954,3,11.016331423451,9.92083619087074
"Kenya",2013-03-04,9,4,8,2,0.0799999982118607,15,7.14052662444892,17.5926957635037,0.390602495556284,6,10.8936233648682,9.74455043597491
"Kenya",2013-03-05,9,4,8,2,0.0799999982118607,5,7.14052662444892,17.5926957635037,0.410981792728626,15,12.0883021097957,11.4533559113735
"Kenya",2013-03-06,9,4,8,2,0.0799999982118607,7,7.14052662444892,17.5926957635037,0.398189999591432,5,11.8017518824095,11.1341071563458
"Kenya",2013-03-07,9,4,8,2,0.0799999982118607,3,7.14052662444892,17.5926957635037,0.410506967875409,7,11.6101973557244,10.8468680216004
"Kenya",2013-03-08,9,4,8,2,0.0799999982118607,0,7.14052662444892,17.5926957635037,0.405789490382495,3,11.6860212616795,10.9532071717813
"Kenya",2013-03-09,9,4,8,2,0.0799999982118607,4,7.14052662444892,17.5926957635037,0.40783827527392,0,11.7951979318545,11.1135964922179
"Kenya",2013-03-10,9,4,8,2,0.0799999982118607,1,7.14052662444892,17.5926957635037,0.400687575422514,4,12.3603290340558,11.771065435041
"Kenya",2013-03-11,9,4,8,2,0.0799999982118607,2,7.14052662444892,17.5926957635037,0.40172828336632,1,11.1300238752708,9.91150532412971
"Kenya",2013-03-12,9,4,8,2,0.0799999982118607,3,7.14052662444892,17.5926957635037,0.395440263893984,2,11.2630656924501,10.164658797947
"Kenya",2013-03-13,9,4,8,2,0.0799999982118607,0,7.14052662444892,17.5926957635037,0.408238759546696,3,10.8461475394304,9.54194363148589
"Kenya",2013-03-14,9,4,8,2,0.0799999982118607,1,7.14052662444892,17.5926957635037,0.422791141662332,0,10.9289375755753,9.70637717826873
"Kenya",2013-03-15,9,4,8,2,0.0799999982118607,5,7.14052662444892,17.5926957635037,0.397529962297544,1,10.6873890963645,9.46738280829585
"Kenya",2013-03-16,9,4,8,2,0.0799999982118607,3,7.14052662444892,17.5926957635037,0.410462390356891,5,11.0731638996352,9.5926733160273
"Kenya",2013-03-17,9,4,8,2,0.0799999982118607,1,7.14052662444892,17.5926957635037,0.4074961157253,3,11.3432397387558,9.62112464156195
"Kenya",2013-03-18,9,4,8,2,0.0799999982118607,3,7.14052662444892,17.5926957635037,0.419697228475009,1,10.6501044074497,9.00368513816677
"Kenya",2013-03-19,9,4,8,2,0.0799999982118607,5,7.14052662444892,17.5926957635037,0.416111352520697,3,10.8166534070628,9.54452427807938
"Kenya",2013-03-20,9,4,8,2,0.0799999982118607,6,7.14052662444892,17.5926957635037,0.412695806741255,5,10.7338935452531,9.38252741428954
"Kenya",2013-03-21,9,4,8,2,0.0799999982118607,1,7.14052662444892,17.5926957635037,0.411626866469558,6,10.6372487059813,9.12500032480917
"Kenya",2013-03-22,9,4,8,2,0.0799999982118607,2,7.14052662444892,17.5926957635037,0.384393818586595,1,10.7859939672417,9.47990938900104
"Kenya",2013-03-23,9,4,8,2,0.0799999982118607,0,7.14052662444892,17.5926957635037,0.382053170855437,2,10.6055696971537,9.08692902706095
"Kenya",2013-03-24,9,4,8,2,0.0799999982118607,0,7.14052662444892,17.5926957635037,0.392500257378652,0,10.4546678616504,9.06485206522758
"Kenya",2013-03-25,9,4,8,2,0.0799999982118607,0,7.14052662444892,17.5926957635037,0.41570997093041,0,10.394702130653,8.77074954913864
"Kenya",2013-03-26,9,4,8,2,0.0799999982118607,1,7.14052662444892,17.5926957635037,0.397586978622242,0,10.6767620525745,9.22759072538271
"Kenya",2013-03-27,9,4,8,2,0.0799999982118607,0,7.14052662444892,17.5926957635037,0.419347173755726,1,10.656058634336,9.13895177588853
"Kenya",2013-03-28,9,4,8,2,0.0799999982118607,2,7.14052662444892,17.5926957635037,0.399169074532703,0,10.6622820143319,9.20913965139966
"Kenya",2013-03-29,9,4,8,2,0.0799999982118607,0,7.14052662444892,17.5926957635037,0.411826197253511,2,10.740085515501,9.38462975707287
"Kenya",2013-03-30,9,4,8,2,0.0799999982118607,12,7.14052662444892,17.5926957635037,0.383876831430405,0,10.4858707561112,8.89302349439471
"Kenya",2013-03-31,9,4,8,2,0.0799999982118607,9,7.14052662444892,17.5926957635037,0.354445543745503,12,11.4594086477554,10.8184173587709
"Kenya",2013-04-01,9,4,8,2,0.0799999982118607,7,7.14052662444892,17.5926957635037,0.382118786663082,9,10.6070305092782,9.24936875894366
"Kenya",2013-04-02,9,4,8,2,0.0799999982118607,6,7.14052662444892,17.5926957635037,0.407630741061061,7,10.520347464924,8.88571765171212
"Nigeria",2015-02-01,7,4,6,2,0.0299999993294477,18,7.87902299289366,19.020626316607,NA,NA,NA,NA
"Nigeria",2015-02-02,7,4,6,2,0.0299999993294477,27,7.87902299289366,19.020626316607,0.477478788397516,18,11.0719523431031,10.0469383349411
"Nigeria",2015-02-03,7,4,6,2,0.0299999993294477,4,7.87902299289366,19.020626316607,0.488213161931298,27,10.8618602847896,10.1165403631402
"Nigeria",2015-02-04,7,4,6,2,0.0299999993294477,6,7.87902299289366,19.020626316607,0.474440893965629,4,10.9669906640907,10.2802101917786
"Nigeria",2015-02-05,7,4,6,2,0.0299999993294477,8,7.87902299289366,19.020626316607,0.470965780838214,6,10.9547111944503,10.1429374301246
"Nigeria",2015-02-06,7,4,6,2,0.0299999993294477,1,7.87902299289366,19.020626316607,0.485889013779849,8,11.0371934598634,10.5206981670061
"Nigeria",2015-02-07,7,4,6,2,0.0299999993294477,5,7.87902299289366,19.020626316607,0.46561965154759,1,10.9238499698832,10.3507981312342
"Nigeria",2015-02-08,7,4,6,2,0.0299999993294477,5,7.87902299289366,19.020626316607,0.472682544108086,5,12.0039258611847,11.6718077900304
"Nigeria",2015-02-09,7,4,6,2,0.0299999993294477,29,7.87902299289366,19.020626316607,0.496923128443913,5,11.6476486471314,11.2552939831973
"Nigeria",2015-02-10,7,4,6,2,0.0299999993294477,13,7.87902299289366,19.020626316607,0.472546594682027,29,11.0289689453063,10.4332036229822
"Nigeria",2015-02-11,7,4,6,2,0.0299999993294477,11,7.87902299289366,19.020626316607,0.474228565407235,13,10.9534521668826,10.2521706465453
"Nigeria",2015-02-12,7,4,6,2,0.0299999993294477,12,7.87902299289366,19.020626316607,0.463181714720566,11,11.1124329728886,10.4921349580059
"Nigeria",2015-02-13,7,4,6,2,0.0299999993294477,1,7.87902299289366,19.020626316607,0.489621502016026,12,10.6103650395443,9.85392959368778
"Nigeria",2015-02-14,7,4,6,2,0.0299999993294477,11,7.87902299289366,19.020626316607,0.473593658195621,1,10.7318210056511,9.83638574899539
"Nigeria",2015-02-15,7,4,6,2,0.0299999993294477,14,7.87902299289366,19.020626316607,0.464805846380277,11,10.8875677654466,9.6067647354322
"Nigeria",2015-02-16,7,4,6,2,0.0299999993294477,23,7.87902299289366,19.020626316607,0.483492187670125,14,10.4855076225439,9.27930657644091
"Nigeria",2015-02-17,7,4,6,2,0.0299999993294477,15,7.87902299289366,19.020626316607,0.475227686570778,23,10.7699996318471,9.9143780353673
"Nigeria",2015-02-18,7,4,6,2,0.0299999993294477,8,7.87902299289366,19.020626316607,0.470282427083505,15,10.7096955253801,9.83322601949546
"Nigeria",2015-02-19,7,4,6,2,0.0299999993294477,18,7.87902299289366,19.020626316607,0.45979553736018,8,11.0899733464545,10.2160695331642
"Nigeria",2015-02-20,7,4,6,2,0.0299999993294477,12,7.87902299289366,19.020626316607,0.501233197278527,18,10.7257972209394,9.76105955940385
"Nigeria",2015-02-21,7,4,6,2,0.0299999993294477,2,7.87902299289366,19.020626316607,0.474065422653674,12,10.5965597302834,9.47047137534067
"Nigeria",2015-02-22,7,4,6,2,0.0299999993294477,5,7.87902299289366,19.020626316607,0.477648578002952,2,10.894421827406,9.64010777260731
"Nigeria",2015-02-23,7,4,6,2,0.0299999993294477,7,7.87902299289366,19.020626316607,0.484845992388052,5,10.7132392968494,9.40845325356515
"Nigeria",2015-02-24,7,4,6,2,0.0299999993294477,14,7.87902299289366,19.020626316607,0.475063486197803,7,10.5957093050196,9.48546897835634
"Nigeria",2015-02-25,7,4,6,2,0.0299999993294477,12,7.87902299289366,19.020626316607,0.50596820916022,14,10.6037841152493,9.41050184689847
"Nigeria",2015-02-26,7,4,6,2,0.0299999993294477,8,7.87902299289366,19.020626316607,0.476178707214525,12,10.545683485467,9.36853998664973
"Nigeria",2015-02-27,7,4,6,2,0.0299999993294477,5,7.87902299289366,19.020626316607,0.459991116949305,8,11.0409999901618,10.5800225110404
"Nigeria",2015-02-28,7,4,6,2,0.0299999993294477,9,7.87902299289366,19.020626316607,0.457541610617306,5,10.4243625121551,9.30346634996567
"Nigeria",2015-03-01,7,4,6,2,0.0299999993294477,15,7.87902299289366,19.020626316607,0.47346772503522,9,10.5436558083052,9.6004210780406
"Nigeria",2015-03-02,7,4,6,2,0.0299999993294477,12,7.87902299289366,19.020626316607,0.461307468635796,15,10.635951595473,9.84808054526439
"Nigeria",2015-03-03,7,4,6,2,0.0299999993294477,7,7.87902299289366,19.020626316607,0.478565154497407,12,10.5202934998394,9.75115189123243
"Nigeria",2015-03-04,7,4,6,2,0.0299999993294477,13,7.87902299289366,19.020626316607,0.461551969152927,7,10.4623030203008,9.49777241317275
"Nigeria",2015-03-05,7,4,6,2,0.0299999993294477,5,7.87902299289366,19.020626316607,0.498020183818099,13,10.4553591457381,9.55626776736815
"Nigeria",2015-03-06,7,4,6,2,0.0299999993294477,2,7.87902299289366,19.020626316607,0.475568111816364,5,10.592400782564,9.47108794568776
"Nigeria",2015-03-07,7,4,6,2,0.0299999993294477,12,7.87902299289366,19.020626316607,0.450235733526987,2,10.527472204361,9.57969459307199
"Nigeria",2015-03-08,7,4,6,2,0.0299999993294477,13,7.87902299289366,19.020626316607,0.466655043536412,12,10.8942918885699,9.70546335201488
"Nigeria",2015-03-09,7,4,6,2,0.0299999993294477,9,7.87902299289366,19.020626316607,0.442373509683003,13,10.7165266545998,9.48143564082356
"Nigeria",2015-03-10,7,4,6,2,0.0299999993294477,17,7.87902299289366,19.020626316607,0.486113365432246,9,10.7822010200549,9.61500515991358
"Nigeria",2015-03-11,7,4,6,2,0.0299999993294477,18,7.87902299289366,19.020626316607,0.490398463236794,17,10.7120594345115,9.95555804482713
"Nigeria",2015-03-12,7,4,6,2,0.0299999993294477,6,7.87902299289366,19.020626316607,0.490697000501828,18,10.648776417499,9.69023244897225
"Nigeria",2015-03-13,7,4,6,2,0.0299999993294477,7,7.87902299289366,19.020626316607,0.460656549391019,6,10.6170989062284,9.62046129162054
"Nigeria",2015-03-14,7,4,6,2,0.0299999993294477,4,7.87902299289366,19.020626316607,0.469444712599405,7,10.6434228945948,9.55449729135594
"Nigeria",2015-03-15,7,4,6,2,0.0299999993294477,10,7.87902299289366,19.020626316607,0.462948452809179,4,10.4026554887446,9.20472463319055
"Nigeria",2015-03-16,7,4,6,2,0.0299999993294477,15,7.87902299289366,19.020626316607,0.462458513784762,10,10.3587898954915,9.32998833424208
"Nigeria",2015-03-17,7,4,6,2,0.0299999993294477,6,7.87902299289366,19.020626316607,0.484984989927277,15,10.7447098511614,10.0089730603821
"Nigeria",2015-03-18,7,4,6,2,0.0299999993294477,7,7.87902299289366,19.020626316607,0.49494432745907,6,10.9228762424139,10.0808803160933
"Nigeria",2015-03-19,7,4,6,2,0.0299999993294477,15,7.87902299289366,19.020626316607,0.465548233168086,7,10.7263463396177,9.89847501071258
"Nigeria",2015-03-20,7,4,6,2,0.0299999993294477,6,7.87902299289366,19.020626316607,0.4784663132599,15,10.5866349010177,9.72513809649457
"Nigeria",2015-03-21,7,4,6,2,0.0299999993294477,8,7.87902299289366,19.020626316607,0.477044876115437,6,10.7440197200091,9.72740648333163
"Nigeria",2015-03-22,7,4,6,2,0.0299999993294477,3,7.87902299289366,19.020626316607,0.473989734097681,8,10.7787062586348,9.92235837328638
"Nigeria",2015-03-23,7,4,6,2,0.0299999993294477,13,7.87902299289366,19.020626316607,0.463779586261965,3,10.7973895159319,10.0853923558337
"Nigeria",2015-03-24,7,4,6,2,0.0299999993294477,7,7.87902299289366,19.020626316607,0.454929557256843,13,10.7946040558616,10.2320356185402
"Nigeria",2015-03-25,7,4,6,2,0.0299999993294477,11,7.87902299289366,19.020626316607,0.452759441821998,7,11.2350088878087,10.7441707269018
"Nigeria",2015-03-26,7,4,6,2,0.0299999993294477,6,7.87902299289366,19.020626316607,0.439650794325905,11,11.3533433951458,10.7756591937707
"Nigeria",2015-03-27,7,4,6,2,0.0299999993294477,7,7.87902299289366,19.020626316607,0.464970994893164,6,11.3397856268911,10.9207813200266
"Nigeria",2015-03-28,7,4,6,2,0.0299999993294477,42,7.87902299289366,19.020626316607,0.44544642294436,7,11.7612220106877,11.3191586604915
"Nigeria",2015-03-29,7,4,6,2,0.0299999993294477,27,7.87902299289366,19.020626316607,0.453185286543983,42,12.8165852206831,12.612597192235
"Nigeria",2015-03-30,7,4,6,2,0.0299999993294477,19,7.87902299289366,19.020626316607,0.478889851704194,27,12.3883858689561,12.174231039674
"Nigeria",2015-03-31,7,4,6,2,0.0299999993294477,6,7.87902299289366,19.020626316607,0.456270012020921,19,12.9424756564277,12.7810132632588
"Nigeria",2015-04-01,7,4,6,2,0.0299999993294477,12,7.87902299289366,19.020626316607,0.45036605534804,6,13.194440288349,13.0310372507103
"Nigeria",2015-04-02,7,4,6,2,0.0299999993294477,7,7.87902299289366,19.020626316607,0.446811958286347,12,12.1028875397293,11.8803078788026
"Nigeria",2015-04-03,7,4,6,2,0.0299999993294477,17,7.87902299289366,19.020626316607,0.459155777054175,7,11.0896527382121,10.5727773965655
"Nigeria",2015-04-04,7,4,6,2,0.0299999993294477,4,7.87902299289366,19.020626316607,0.459288290824416,17,10.8094046639827,10.0026539240306
"Nigeria",2015-04-05,7,4,6,2,0.0299999993294477,6,7.87902299289366,19.020626316607,0.456522202159026,4,10.6404362843253,9.58286897983808
"Nigeria",2015-04-06,7,4,6,2,0.0299999993294477,6,7.87902299289366,19.020626316607,0.450721312113937,6,10.574746933338,9.71093382517592
"Nigeria",2015-04-07,7,4,6,2,0.0299999993294477,7,7.87902299289366,19.020626316607,0.466238747818039,6,10.710699754384,9.805599051717
"Nigeria",2015-04-08,7,4,6,2,0.0299999993294477,13,7.87902299289366,19.020626316607,0.465695026748122,7,10.6872749345972,9.97571518653301
"Nigeria",2015-04-09,7,4,6,2,0.0299999993294477,10,7.87902299289366,19.020626316607,0.469134740212265,13,10.5259171608818,9.72633262569353
"Nigeria",2015-04-10,7,4,6,2,0.0299999993294477,15,7.87902299289366,19.020626316607,0.47613991676923,10,10.489689629308,9.75336209395849
"Nigeria",2015-04-11,7,4,6,2,0.0299999993294477,51,7.87902299289366,19.020626316607,0.481501009588666,15,10.6007263509993,9.78947863592426
"Nigeria",2015-04-12,7,4,6,2,0.0299999993294477,5,7.87902299289366,19.020626316607,0.458378990040111,51,11.7345158106849,11.4237663286504
"Nigeria",2015-04-13,7,4,6,2,0.0299999993294477,7,7.87902299289366,19.020626316607,0.472616107485482,5,11.4328644237953,11.0052947321008
"Nigeria",2015-04-14,7,4,6,2,0.0299999993294477,8,7.87902299289366,19.020626316607,0.447860794348507,7,11.024969655295,10.394549148261
"Nigeria",2015-04-15,7,4,6,2,0.0299999993294477,4,7.87902299289366,19.020626316607,0.472207366235504,8,10.9714000549546,9.79618069954762
"Nigeria",2015-04-16,7,4,6,2,0.0299999993294477,3,7.87902299289366,19.020626316607,0.521596275533411,4,10.4627032604502,9.31551086958172
"Nigeria",2015-04-17,7,4,6,2,0.0299999993294477,6,7.87902299289366,19.020626316607,0.47550777024139,3,10.2801415787902,9.03551068094052
"Nigeria",2015-04-18,7,4,6,2,0.0299999993294477,5,7.87902299289366,19.020626316607,0.491660428019116,6,10.3465053166969,8.86319134069085
"Nigeria",2015-04-19,7,4,6,2,0.0299999993294477,4,7.87902299289366,19.020626316607,0.458265327337189,5,10.2139824230531,8.56826646160024
"Nigeria",2015-04-20,7,4,6,2,0.0299999993294477,9,7.87902299289366,19.020626316607,0.486946426663242,4,10.2923150194913,9.02617712030286
"Nigeria",2015-04-21,7,4,6,2,0.0299999993294477,12,7.87902299289366,19.020626316607,0.457924497112226,9,9.98631100573524,8.64188563537355
"Nigeria",2015-04-22,7,4,6,2,0.0299999993294477,7,7.87902299289366,19.020626316607,0.473143511955722,12,10.0985196536893,8.89192414015454
"Nigeria",2015-04-23,7,4,6,2,0.0299999993294477,5,7.87902299289366,19.020626316607,0.490655658508362,7,10.1288685987905,8.5775354204224
"Nigeria",2015-04-24,7,4,6,2,0.0299999993294477,5,7.87902299289366,19.020626316607,0.465844887349257,5,10.1621526759174,8.80252249828442
"Nigeria",2015-04-25,7,4,6,2,0.0299999993294477,9,7.87902299289366,19.020626316607,0.453535563657676,5,10.0869750959701,8.48425669116997
"Nigeria",2015-04-26,7,4,6,2,0.0299999993294477,9,7.87902299289366,19.020626316607,0.485386245517184,9,10.317251463459,9.14366623870819
"Nigeria",2015-04-27,7,4,6,2,0.0299999993294477,9,7.87902299289366,19.020626316607,0.443264505524849,9,10.1300253369184,8.81981313623223
"Nigeria",2015-04-28,7,4,6,2,0.0299999993294477,6,7.87902299289366,19.020626316607,0.455019814854461,9,9.91516905730997,8.59267165259214
"Nigeria",2015-04-29,7,4,6,2,0.0299999993294477,6,7.87902299289366,19.020626316607,0.456534949572694,6,11.1763612241168,9.53017496744437
"Nigeria",2015-04-30,7,4,6,2,0.0299999993294477,9,7.87902299289366,19.020626316607,0.472362868445026,6,10.5837014576842,8.93721845085573
"South Africa",2014-03-15,9,2,7,0,0,2,8.77949422305367,17.8055800892509,NA,NA,NA,NA
"South Africa",2014-03-16,9,2,7,0,0,0,8.77949422305367,17.8055800892509,0.556236282251533,2,10.5954340125196,7.4500795698075
"South Africa",2014-03-17,9,2,7,0,0,1,8.77949422305367,17.8055800892509,0.531581036483511,0,10.5803783105766,7.9483852851119
"South Africa",2014-03-18,9,2,7,0,0,2,8.77949422305367,17.8055800892509,0.56794487552142,1,10.5129269840226,7.70120018085745
"South Africa",2014-03-19,9,2,7,0,0,7,8.77949422305367,17.8055800892509,0.544019481660316,2,10.5458150107661,7.31588350450979
"South Africa",2014-03-20,9,2,7,0,0,4,8.77949422305367,17.8055800892509,0.6120774063845,7,10.7096508695648,8.1758290087146
"South Africa",2014-03-21,9,2,7,0,0,3,8.77949422305367,17.8055800892509,0.599668114556463,4,10.578954352241,7.75405263903576
"South Africa",2014-03-22,9,2,7,0,0,0,8.77949422305367,17.8055800892509,0.52680140369091,3,10.6278911227466,7.5109777520141
"South Africa",2014-03-23,9,2,7,0,0,0,8.77949422305367,17.8055800892509,0.597678215534609,0,10.6060403611702,7.25063551189868
"South Africa",2014-03-24,9,2,7,0,0,3,8.77949422305367,17.8055800892509,0.537942376731753,0,10.666883482305,7.3790081276283
"South Africa",2014-03-25,9,2,7,0,0,2,8.77949422305367,17.8055800892509,0.518948355560412,3,10.5010045020808,6.96413561241824
"South Africa",2014-03-26,9,2,7,0,0,1,8.77949422305367,17.8055800892509,0.614491173714409,2,10.5926016109819,7.37963215260955
"South Africa",2014-03-27,9,2,7,0,0,7,8.77949422305367,17.8055800892509,0.519674304100648,1,10.566046651328,7.24422751560335
"South Africa",2014-03-28,9,2,7,0,0,3,8.77949422305367,17.8055800892509,0.605801055580961,7,10.6215224486039,7.51752085060303
"South Africa",2014-03-29,9,2,7,0,0,1,8.77949422305367,17.8055800892509,0.520361356282774,3,10.5501456693631,7.44658509915773
"South Africa",2014-03-30,9,2,7,0,0,2,8.77949422305367,17.8055800892509,0.542071780802849,1,10.552290919244,7.58832367733522
"South Africa",2014-03-31,9,2,7,0,0,3,8.77949422305367,17.8055800892509,0.538394366533996,2,10.5559950136294,7.72444664563354
"South Africa",2014-04-01,9,2,7,0,0,3,8.77949422305367,17.8055800892509,0.546973323681804,3,10.5751812438769,7.69256964806791
"South Africa",2014-04-02,9,2,7,0,0,3,8.77949422305367,17.8055800892509,0.619498751142595,3,10.6097977196224,7.7341213033283
"South Africa",2014-04-03,9,2,7,0,0,3,8.77949422305367,17.8055800892509,0.629439203146564,3,10.6331112999061,7.64444076155657
"South Africa",2014-04-04,9,2,7,0,0,4,8.77949422305367,17.8055800892509,0.671739664771167,3,10.5902644860882,7.73105314400713
"South Africa",2014-04-05,9,2,7,0,0,5,8.77949422305367,17.8055800892509,0.624627908062219,4,10.6721827393314,8.09985791073758
"South Africa",2014-04-06,9,2,7,0,0,2,8.77949422305367,17.8055800892509,0.542676224092439,5,10.6829958987441,8.20467182895081
"South Africa",2014-04-07,9,2,7,0,0,3,8.77949422305367,17.8055800892509,0.589940804354297,2,10.6977688300154,7.539027055824
"South Africa",2014-04-08,9,2,7,0,0,1,8.77949422305367,17.8055800892509,0.728867341098732,3,10.7507282684335,7.86057078553866
"South Africa",2014-04-09,9,2,7,0,0,1,8.77949422305367,17.8055800892509,0.537167659222917,1,10.7051751873855,7.646353722446
"South Africa",2014-04-10,9,2,7,0,0,4,8.77949422305367,17.8055800892509,0.542173585150196,1,10.7618101310551,7.58933582317062
"South Africa",2014-04-11,9,2,7,0,0,2,8.77949422305367,17.8055800892509,0.583831949584053,4,10.8653059896862,8.09468364869882
"South Africa",2014-04-12,9,2,7,0,0,2,8.77949422305367,17.8055800892509,0.49118879091222,2,10.800819700809,8.30152165494073
"South Africa",2014-04-13,9,2,7,0,0,0,8.77949422305367,17.8055800892509,0.475186195729843,2,10.7637157404737,8.66544076787644
"South Africa",2014-04-14,9,2,7,0,0,1,8.77949422305367,17.8055800892509,0.526818556001421,0,10.7117475401966,8.44268513924118
"South Africa",2014-04-15,9,2,7,0,0,4,8.77949422305367,17.8055800892509,0.565614842461088,1,10.7543006557826,7.81843027207066
"South Africa",2014-04-16,9,2,7,0,0,3,8.77949422305367,17.8055800892509,0.716712661521799,4,10.716659698194,8.3187422526924
"South Africa",2014-04-17,9,2,7,0,0,1,8.77949422305367,17.8055800892509,0.545922148497038,3,10.8626078623856,8.38434727808281
"South Africa",2014-04-18,9,2,7,0,0,1,8.77949422305367,17.8055800892509,0.553066635668556,1,10.8589605352854,8.10319175228579
"South Africa",2014-04-19,9,2,7,0,0,1,8.77949422305367,17.8055800892509,0.590611589560398,1,10.5826372234522,8.01268092970684
"South Africa",2014-04-20,9,2,7,0,0,0,8.77949422305367,17.8055800892509,0.508577417366427,1,10.5269630598468,8.02322468471667
"South Africa",2014-04-21,9,2,7,0,0,1,8.77949422305367,17.8055800892509,0.544779736275107,0,10.5436030865443,7.83002808253384
"South Africa",2014-04-22,9,2,7,0,0,3,8.77949422305367,17.8055800892509,0.520613679876504,1,10.6822159211863,7.8815599170569
"South Africa",2014-04-23,9,2,7,0,0,7,8.77949422305367,17.8055800892509,0.593657606525249,3,10.7536171141561,8.00903068506973
"South Africa",2014-04-24,9,2,7,0,0,6,8.77949422305367,17.8055800892509,0.631417470973336,7,10.8390513597539,8.40648506943182
"South Africa",2014-04-25,9,2,7,0,0,4,8.77949422305367,17.8055800892509,0.700072533398541,6,11.1407016906419,8.54208090692402
"South Africa",2014-04-26,9,2,7,0,0,1,8.77949422305367,17.8055800892509,0.554843536650628,4,10.7365923085078,7.90948949267376
"South Africa",2014-04-27,9,2,7,0,0,5,8.77949422305367,17.8055800892509,0.544805581892931,1,10.6204489111953,7.79110951061003
"South Africa",2014-04-28,9,2,7,0,0,2,8.77949422305367,17.8055800892509,0.530514334346949,5,10.8046037310393,8.22817689595132
"South Africa",2014-04-29,9,2,7,0,0,5,8.77949422305367,17.8055800892509,0.534837260457975,2,10.911098697488,8.03689677268507
"South Africa",2014-04-30,9,2,7,0,0,2,8.77949422305367,17.8055800892509,0.568878837650139,5,10.8495312425596,8.03980234373648
"South Africa",2014-05-01,9,2,7,0,0,1,8.77949422305367,17.8055800892509,0.524550962612895,2,11.0879257936335,8.59341321732765
"South Africa",2014-05-02,9,2,7,0,0,3,8.77949422305367,17.8055800892509,0.640458127372304,1,10.8590374583624,8.68541582383069
"South Africa",2014-05-03,9,2,7,0,0,1,8.77949422305367,17.8055800892509,0.576005235495058,3,10.8407566907955,8.59711281459211
"South Africa",2014-05-04,9,2,7,0,0,5,8.77949422305367,17.8055800892509,0.510714579236152,1,10.796632474903,8.83010431791379
"South Africa",2014-05-05,9,2,7,0,0,11,8.77949422305367,17.8055800892509,0.552813662175731,5,11.0645580750438,9.2024090016499
"South Africa",2014-05-06,9,2,7,0,0,4,8.77949422305367,17.8055800892509,0.571725022709432,11,11.0097703475085,8.81611189579401
"South Africa",2014-05-07,9,2,7,0,0,28,8.77949422305367,17.8055800892509,0.87954407666928,4,11.2479568120253,9.73996812270477
"South Africa",2014-05-08,9,2,7,0,0,5,8.77949422305367,17.8055800892509,0.744838689945286,28,11.7686136477602,10.2332947700386
"South Africa",2014-05-09,9,2,7,0,0,4,8.77949422305367,17.8055800892509,0.579939979422707,5,11.4575924429121,9.92172032079719
"South Africa",2014-05-10,9,2,7,0,0,3,8.77949422305367,17.8055800892509,0.641635960844073,4,11.2249500161545,9.38387342273706
"South Africa",2014-05-11,9,2,7,0,0,1,8.77949422305367,17.8055800892509,0.595415584072618,3,11.0829576012477,9.01590574729843
"South Africa",2014-05-12,9,2,7,0,0,5,8.77949422305367,17.8055800892509,0.58630978181132,1,10.9038068840057,8.46315930292375
"South Africa",2014-05-13,9,2,7,0,0,3,8.77949422305367,17.8055800892509,0.63564895135648,5,10.9579563644418,7.82324569068552
"South Africa",2014-05-14,9,2,7,0,0,6,8.77949422305367,17.8055800892509,0.567554212851949,3,10.8632016923187,7.57967882309046
"South Africa",2014-05-15,9,2,7,0,0,5,8.77949422305367,17.8055800892509,0.601287829389613,6,10.7842547283412,7.60837447438078
"South Africa",2014-05-16,9,2,7,0,0,2,8.77949422305367,17.8055800892509,0.601003408751053,5,10.8180768377705,7.64396194900253
"South Africa",2014-05-17,9,2,7,0,0,2,8.77949422305367,17.8055800892509,0.474626683179706,2,11.3170078999096,8.24407127029579
"South Africa",2014-05-18,9,2,7,0,0,0,8.77949422305367,17.8055800892509,0.577075398547743,2,10.7531041511423,7.32778053842163
"South Africa",2014-05-19,9,2,7,0,0,5,8.77949422305367,17.8055800892509,0.528182016939181,0,10.7646249179423,8.32796785830549
"South Africa",2014-05-20,9,2,7,0,0,4,8.77949422305367,17.8055800892509,0.480120517639963,5,10.715217448923,7.97487690055888
"South Africa",2014-05-21,9,2,7,0,0,6,8.77949422305367,17.8055800892509,0.513016835203965,4,10.7222977510917,7.82684209815829
"South Africa",2014-05-22,9,2,7,0,0,5,8.77949422305367,17.8055800892509,0.704916314560187,6,10.8408154434761,8.11552088154677
"South Africa",2014-05-23,9,2,7,0,0,4,8.77949422305367,17.8055800892509,0.66825782404094,5,11.095984763387,7.72841577984104
"South Africa",2014-05-24,9,2,7,0,0,2,8.77949422305367,17.8055800892509,0.54771361342385,4,10.9086312978793,7.59890045687141
"South Africa",2014-05-25,9,2,7,0,0,1,8.77949422305367,17.8055800892509,0.512610837771978,2,10.9670942320054,8.51539156946961
"South Africa",2014-05-26,9,2,7,0,0,5,8.77949422305367,17.8055800892509,0.500813113597079,1,10.8485600858357,7.89803969076462
"South Africa",2014-05-27,9,2,7,0,0,5,8.77949422305367,17.8055800892509,0.670346050285248,5,10.8391102127098,7.69530313496357
"South Africa",2014-05-28,9,2,7,0,0,3,8.77949422305367,17.8055800892509,0.526785708858918,5,10.7573921119742,7.15070145759253
"South Africa",2014-05-29,9,2,7,0,0,6,8.77949422305367,17.8055800892509,0.510384855563097,3,10.8045834250277,7.30182234213793
"South Africa",2014-05-30,9,2,7,0,0,1,8.77949422305367,17.8055800892509,0.552488424056487,6,10.7911936075545,7.24351297466548
"South Africa",2014-05-31,9,2,7,0,0,0,8.77949422305367,17.8055800892509,0.489580224661865,1,10.6937614438268,7.27586460054653
"South Africa",2014-06-01,9,2,7,0,0,0,8.77949422305367,17.8055800892509,0.500541785314413,0,10.5087047525011,6.8001700683022
"South Africa",2014-06-02,9,2,7,0,0,2,8.77949422305367,17.8055800892509,0.583100618172811,0,10.6510282169264,6.78784498230958
"South Africa",2014-06-03,9,2,7,0,0,3,8.77949422305367,17.8055800892509,0.547279999229374,2,10.6827206820092,7.9976631270201
"South Africa",2014-06-04,9,2,7,0,0,1,8.77949422305367,17.8055800892509,0.5289649846152,3,10.7268951569302,7.77148876011762
"South Africa",2014-06-05,9,2,7,0,0,3,8.77949422305367,17.8055800892509,0.582713997513724,1,10.7283206739214,7.16472037877186
"South Africa",2014-06-06,9,2,7,0,0,3,8.77949422305367,17.8055800892509,0.531707841413965,3,10.7834461951629,7.35564110297425
"South Africa",2014-06-07,9,2,7,0,0,1,8.77949422305367,17.8055800892509,0.506356363621612,3,10.8301047821276,6.92264389147589
"South Africa",2014-06-08,9,2,7,0,0,0,8.77949422305367,17.8055800892509,0.508325784913173,1,10.6843937472021,7.05703698169789
"South Africa",2014-06-09,9,2,7,0,0,2,8.77949422305367,17.8055800892509,0.628383463752455,0,10.6040323034765,6.90775527898214
"South Africa",2014-06-10,9,2,7,0,0,2,8.77949422305367,17.8055800892509,0.600338990568129,2,10.6898973635558,7.05358572719368
"South Africa",2014-06-11,9,2,7,0,0,10,8.77949422305367,17.8055800892509,0.566664521303947,2,10.7522914211805,7.07918439460967
"South Africa",2014-06-12,9,2,7,0,0,1,8.77949422305367,17.8055800892509,0.511608864285619,10,10.7658499423847,7.08506429395255
"South Africa",2014-06-13,9,2,7,0,0,0,8.77949422305367,17.8055800892509,0.472563448881241,1,10.967473889283,7.46622755621548
"Zambia",2014-10-24,7,3,7,0,0,1,7.45471580818473,16.570529837494,NA,NA,NA,NA
"Zambia",2014-10-25,7,3,7,0,0,0,7.45471580818473,16.570529837494,0.431436513187197,1,10.535078427397,6.50128967054039
"Zambia",2014-10-26,7,3,7,0,0,0,7.45471580818473,16.570529837494,0.419767510360136,0,10.3471151217386,5.52146091786225
"Zambia",2014-10-27,7,3,7,0,0,2,7.45471580818473,16.570529837494,0.435409303783681,0,10.4628461645475,5.34710753071747
"Zambia",2014-10-28,7,3,7,0,0,1,7.45471580818473,16.570529837494,0.483647769953669,2,10.4225194128492,5.18738580584075
"Zambia",2014-10-29,7,3,7,0,0,0,7.45471580818473,16.570529837494,0.4751439594209,1,10.299272626591,4.98360662170834
"Zambia",2014-10-30,7,3,7,0,0,2,7.45471580818473,16.570529837494,0.449253920623258,0,11.4886225264471,10.4376683094997
"Zambia",2014-10-31,7,3,7,0,0,0,7.45471580818473,16.570529837494,0.435192336097971,2,10.4858148979908,8.45169420918354
"Zambia",2014-11-01,7,3,7,0,0,0,7.45471580818473,16.570529837494,0.443414496690857,0,10.392098241731,7.43661726523423
"Zambia",2014-11-02,7,3,7,0,0,0,7.45471580818473,16.570529837494,0.437907735557959,0,10.3627777473392,7.88795933659994
"Zambia",2014-11-03,7,3,7,0,0,4,7.45471580818473,16.570529837494,0.461431532900711,0,10.2275256619486,6.7286286130847
"Zambia",2014-11-04,7,3,7,0,0,1,7.45471580818473,16.570529837494,0.470298151246529,4,10.4243328116844,6.74405918631135
"Zambia",2014-11-05,7,3,7,0,0,0,7.45471580818473,16.570529837494,0.43864754182186,1,10.4918018559903,7.69984240739699
"Zambia",2014-11-06,7,3,7,0,0,0,7.45471580818473,16.570529837494,0.44273594350975,0,10.2576242779219,6.33859407820318
"Zambia",2014-11-07,7,3,7,0,0,0,7.45471580818473,16.570529837494,0.497914722145301,0,10.1967540032818,5.93224518744801
"Zambia",2014-11-08,7,3,7,0,0,0,7.45471580818473,16.570529837494,0.483228259378158,0,10.2009961858056,5.85220247977447
"Zambia",2014-11-09,7,3,7,0,0,0,7.45471580818473,16.570529837494,0.508654237595044,0,10.3680702651274,5.605802066296
"Zambia",2014-11-10,7,3,7,0,0,0,7.45471580818473,16.570529837494,0.512973493701115,0,10.5427855436107,6.36475075685191
"Zambia",2014-11-11,7,3,7,0,0,0,7.45471580818473,16.570529837494,0.457826813957934,0,10.1791476497606,6.74993119378857
"Zambia",2014-11-12,7,3,7,0,0,0,7.45471580818473,16.570529837494,0.426533276930251,0,10.4556758246428,8.11552088154677
"Zambia",2014-11-13,7,3,7,0,0,2,7.45471580818473,16.570529837494,0.459918843373065,0,10.0900501035873,6.59850902861452
"Zambia",2014-11-14,7,3,7,0,0,1,7.45471580818473,16.570529837494,0.46014189882745,2,10.0535871807802,6.73933662735717
"Zambia",2014-11-15,7,3,7,0,0,0,7.45471580818473,16.570529837494,0.48258704746993,1,10.0249969699333,6.51174532964473
"Zambia",2014-11-16,7,3,7,0,0,0,7.45471580818473,16.570529837494,0.444055752601197,0,10.2002904039372,6.10031895202006
"Zambia",2014-11-17,7,3,7,0,0,0,7.45471580818473,16.570529837494,0.491874829123675,0,10.1191632890028,6.11368217983223
"Zambia",2014-11-18,7,3,7,0,0,0,7.45471580818473,16.570529837494,0.445773672396996,0,10.3811802946412,6.42648845745769
"Zambia",2014-11-19,7,3,7,0,0,0,7.45471580818473,16.570529837494,0.455553709333218,0,10.3512455728345,7.06133436691044
"Zambia",2014-11-20,7,3,7,0,0,0,7.45471580818473,16.570529837494,0.47051102544219,0,10.301021290318,7.09174211509515
"Zambia",2014-11-21,7,3,7,0,0,0,7.45471580818473,16.570529837494,0.454627599293719,0,10.2081742238037,6.70563909486
"Zambia",2014-11-22,7,3,7,0,0,0,7.45471580818473,16.570529837494,0.529069327112062,0,10.2687207697564,7.30988148582479
"Zambia",2014-11-23,7,3,7,0,0,1,7.45471580818473,16.570529837494,0.483313307361202,0,10.107855948524,6.26149168432104
"Zambia",2014-11-24,7,3,7,0,0,1,7.45471580818473,16.570529837494,0.449515366777494,1,10.3243009375911,6.79234442747081
"Zambia",2014-11-25,7,3,7,0,0,0,7.45471580818473,16.570529837494,0.483896108130738,1,10.2641644778542,6.22851100359118
"Zambia",2014-11-26,7,3,7,0,0,0,7.45471580818473,16.570529837494,0.475582518362935,0,10.2191373563219,6.85540879860993
"Zambia",2014-11-27,7,3,7,0,0,1,7.45471580818473,16.570529837494,0.477834859646055,0,10.187199253484,6.26909628370626
"Zambia",2014-11-28,7,3,7,0,0,0,7.45471580818473,16.570529837494,0.455371146372004,1,10.1343214571343,6.70196036600254
"Zambia",2014-11-29,7,3,7,0,0,0,7.45471580818473,16.570529837494,0.468967969198651,0,10.153701375373,6.41017488196617
"Zambia",2014-11-30,7,3,7,0,0,0,7.45471580818473,16.570529837494,0.423603243246187,0,10.3314640342731,6.22455842927536
"Zambia",2014-12-01,7,3,7,0,0,0,7.45471580818473,16.570529837494,0.442296795218462,0,10.2328272702548,6.85540879860993
"Zambia",2014-12-02,7,3,7,0,0,1,7.45471580818473,16.570529837494,0.456890951628043,0,10.2553760597409,7.05531284333975
"Zambia",2014-12-03,7,3,7,0,0,1,7.45471580818473,16.570529837494,0.469346390919571,1,10.2125151790073,6.90575327631146
"Zambia",2014-12-04,7,3,7,0,0,0,7.45471580818473,16.570529837494,0.429012336044207,1,10.1844093255697,6.44413125670044
"Zambia",2014-12-05,7,3,7,0,0,0,7.45471580818473,16.570529837494,0.455654435620193,0,10.282677129232,6.52795791762255
"Zambia",2014-12-06,7,3,7,0,0,0,7.45471580818473,16.570529837494,0.504192679606503,0,10.2331869048699,6.40687998606931
"Zambia",2014-12-07,7,3,7,0,0,0,7.45471580818473,16.570529837494,0.450518382063798,0,10.3316921476138,6.17170059741091
"Zambia",2014-12-08,7,3,7,0,0,0,7.45471580818473,16.570529837494,0.474376070507658,0,10.3154978606803,6.51323011091231
"Zambia",2014-12-09,7,3,7,0,0,0,7.45471580818473,16.570529837494,0.443315857967325,0,10.3524271342296,6.05208916892442
"Zambia",2014-12-10,7,3,7,0,0,2,7.45471580818473,16.570529837494,0.456600536882005,0,10.3620826006985,6.06842558824411
"Zambia",2014-12-11,7,3,7,0,0,0,7.45471580818473,16.570529837494,0.426116123784967,2,10.4137930410552,6.25190388316589
"Zambia",2014-12-12,7,3,7,0,0,0,7.45471580818473,16.570529837494,0.452252651073504,0,10.3186719417052,6.12029741895095
"Zambia",2014-12-13,7,3,7,0,0,0,7.45471580818473,16.570529837494,0.443092954473879,0,10.175040243058,6.19644412779452
"Zambia",2014-12-14,7,3,7,0,0,0,7.45471580818473,16.570529837494,0.477065340680981,0,10.2184807574802,5.61677109766657
"Zambia",2014-12-15,7,3,7,0,0,0,7.45471580818473,16.570529837494,0.479590774183392,0,10.1376106078933,6.20455776256869
"Zambia",2014-12-16,7,3,7,0,0,0,7.45471580818473,16.570529837494,0.466854991068097,0,10.1864083078862,6.1463292576689
"Zambia",2014-12-17,7,3,7,0,0,2,7.45471580818473,16.570529837494,0.452563992712976,0,10.0496204614841,6.52356230614951
"Zambia",2014-12-18,7,3,7,0,0,0,7.45471580818473,16.570529837494,0.46991110986471,2,10.2113765822964,7.14834574390007
"Zambia",2014-12-19,7,3,7,0,0,0,7.45471580818473,16.570529837494,0.438797849651938,0,10.2657319581897,6.9037472575846
"Zambia",2014-12-20,7,3,7,0,0,0,7.45471580818473,16.570529837494,0.47504579838356,0,10.1149632989827,6.60394382460047
"Zambia",2014-12-21,7,3,7,0,0,0,7.45471580818473,16.570529837494,0.446630644593217,0,10.072259391783,6.57786135772105
"Zambia",2014-12-22,7,3,7,0,0,0,7.45471580818473,16.570529837494,0.457901666245525,0,10.087099942513,6.63331843328038
"Zambia",2014-12-23,7,3,7,0,0,0,7.45471580818473,16.570529837494,0.462150093327469,0,10.0690867331857,6.63331843328038
"Zambia",2014-12-24,7,3,7,0,0,0,7.45471580818473,16.570529837494,0.437956027740701,0,10.0076223172681,6.11146733950268
"Zambia",2014-12-25,7,3,7,0,0,0,7.45471580818473,16.570529837494,0.442636821596405,0,10.052984563682,6.00141487796115
"Zambia",2014-12-26,7,3,7,0,0,0,7.45471580818473,16.570529837494,0.452208559290175,0,9.8069215845598,5.86078622346587
"Zambia",2014-12-27,7,3,7,0,0,0,7.45471580818473,16.570529837494,0.443875373487062,0,10.004779804018,6.06842558824411
"Zambia",2014-12-28,7,3,7,0,0,0,7.45471580818473,16.570529837494,0.448946428091609,0,10.013283218359,5.74300318780948
"Zambia",2014-12-29,7,3,7,0,0,1,7.45471580818473,16.570529837494,0.477659112348495,0,10.1416773393889,5.99146454710798
"Zambia",2014-12-30,7,3,7,0,0,0,7.45471580818473,16.570529837494,0.485383683498702,1,10.1145180359665,6.46769872610435
"Zambia",2014-12-31,7,3,7,0,0,0,7.45471580818473,16.570529837494,0.469251740220135,0,10.1596789578965,6.80793494369993
"Zambia",2015-01-01,7,3,7,0,0,1,7.17463166731951,16.6012479562406,NA,0,10.1240678214472,6.56385552653213
"Zambia",2015-01-02,7,3,7,0,0,1,7.17463166731951,16.6012479562406,0.437661485191239,1,9.97007085667928,6.84481547920826
"Zambia",2015-01-03,7,3,7,0,0,0,7.17463166731951,16.6012479562406,0.458652033468003,1,10.1398631726191,6.66185474054531
"Zambia",2015-01-04,7,3,7,0,0,1,7.17463166731951,16.6012479562406,0.457324023889605,0,10.1085485962996,6.59030104819669
"Zambia",2015-01-05,7,3,7,0,0,1,7.17463166731951,16.6012479562406,0.426038628603897,1,10.1285891855565,6.80239476332431
"Zambia",2015-01-06,7,3,7,0,0,1,7.17463166731951,16.6012479562406,0.485795301240427,1,11.7027355790632,6.53233429222235
"Zambia",2015-01-07,7,3,7,0,0,0,7.17463166731951,16.6012479562406,0.467377681835274,1,10.1794891733385,6.30261897574491
"Zambia",2015-01-08,7,3,7,0,0,0,7.17463166731951,16.6012479562406,0.46910471178739,0,10.1330901989111,6.22851100359118
"Zambia",2015-01-09,7,3,7,0,0,1,7.17463166731951,16.6012479562406,0.468748898543031,0,10.0999996128494,6.74170069465205
"Zambia",2015-01-10,7,3,7,0,0,0,7.17463166731951,16.6012479562406,0.466382656472867,1,10.1759163835251,6.73578001424233
"Zambia",2015-01-11,7,3,7,0,0,1,7.17463166731951,16.6012479562406,0.495269969601608,0,10.1261910070219,6.49072353450251
"Zambia",2015-01-12,7,3,7,0,0,2,7.17463166731951,16.6012479562406,0.503057361623256,1,10.1405340090193,6.31535800152233
"Zambia",2015-01-13,7,3,7,0,0,2,7.17463166731951,16.6012479562406,0.465027264207409,2,10.0418136820164,6.45204895443723
"Zambia",2015-01-14,7,3,7,0,0,0,7.17463166731951,16.6012479562406,0.44558273092344,2,10.0198473536523,6.4723462945009
"Zambia",2015-01-15,7,3,7,0,0,0,7.17463166731951,16.6012479562406,0.469015137579743,0,10.1945514003343,6.8627579130514
"Zambia",2015-01-16,7,3,7,0,0,1,7.17463166731951,16.6012479562406,0.458771193422443,0,10.1804372384089,8.08886878916199
"Zambia",2015-01-17,7,3,7,0,0,0,7.17463166731951,16.6012479562406,0.476587395321417,1,10.0949753044463,6.62671774924902
"Zambia",2015-01-18,7,3,7,0,0,1,7.17463166731951,16.6012479562406,0.441029190559333,0,10.0014759608643,6.45047042214418
"Zambia",2015-01-19,7,3,7,0,0,0,7.17463166731951,16.6012479562406,0.464393142945481,1,10.1569274980817,6.77536609093639
"Zambia",2015-01-20,7,3,7,0,0,1,7.17463166731951,16.6012479562406,0.445934423898912,0,10.3236770560427,7.82284529027977
"Zambia",2015-01-21,7,3,7,0,0,2,7.17463166731951,16.6012479562406,0.481615205915501,1,10.4788641973616,8.65486599654131
"Zambia",2015-01-22,7,3,7,0,0,1,7.17463166731951,16.6012479562406,0.465334957199288,2,10.2148617372447,7.71512360363211
"Zambia",2015-01-23,7,3,7,0,0,1,7.17463166731951,16.6012479562406,0.474641486406651,1,10.3337428294515,7.76344638872736
"Zambia",2015-01-24,7,3,7,0,0,2,7.17463166731951,16.6012479562406,0.462691832030174,1,10.2556222049326,8.0040315078527
"Zambia",2015-01-25,7,3,7,0,0,0,7.17463166731951,16.6012479562406,0.444940743262192,2,10.5114308125815,8.7662383802531
"Zambia",2015-01-26,7,3,7,0,0,1,7.17463166731951,16.6012479562406,0.44955932914753,0,10.5379987576111,8.31090675716845
"Zambia",2015-01-27,7,3,7,0,0,0,7.17463166731951,16.6012479562406,0.442276269144344,1,10.3566628768004,7.88457651059632
"Zambia",2015-01-28,7,3,7,0,0,0,7.17463166731951,16.6012479562406,0.435843758398685,0,10.1185586087595,6.88346258641309
"Zambia",2015-01-29,7,3,7,0,0,0,7.17463166731951,16.6012479562406,0.455791112804538,0,10.0024727892205,6.2841341610708
"Zambia",2015-01-30,7,3,7,0,0,0,7.17463166731951,16.6012479562406,0.47097782317366,0,10.1967540032818,6.58479139238572
"Zambia",2015-01-31,7,3,7,0,0,0,7.17463166731951,16.6012479562406,0.42780946527695,0,10.1537792357693,6.18826412308259
"Zambia",2015-02-01,7,3,7,0,0,0,7.17463166731951,16.6012479562406,0.440241240968345,0,10.054963229159,5.94542060860658
"Zambia",2015-02-02,7,3,7,0,0,0,7.17463166731951,16.6012479562406,0.454422530061779,0,10.0997941938967,6.24804287450843
"Zambia",2015-02-03,7,3,7,0,0,1,7.17463166731951,16.6012479562406,0.445147682981848,0,10.1275107168773,6.13556489108174
"Zambia",2015-02-04,7,3,7,0,0,0,7.17463166731951,16.6012479562406,0.449803060495624,1,10.2602174949624,6.25958146406492
"Zambia",2015-02-05,7,3,7,0,0,0,7.17463166731951,16.6012479562406,0.465966606451971,0,10.2173489367712,6.32435896238131
"Zambia",2015-02-06,7,3,7,0,0,0,7.17463166731951,16.6012479562406,0.475061689680992,0,10.1397842210953,5.6970934865054
"Zambia",2015-02-07,7,3,7,0,0,0,7.17463166731951,16.6012479562406,0.46427604326904,0,10.1001228439695,6.02586597382531
"Zambia",2015-02-08,7,3,7,0,0,0,7.17463166731951,16.6012479562406,0.441907948523153,0,9.96960295474299,5.45958551414416
"Zambia",2015-02-09,7,3,7,0,0,0,7.17463166731951,16.6012479562406,0.444957719829616,0,10.0333748133705,5.52146091786225
"Zambia",2015-02-10,7,3,7,0,0,0,7.17463166731951,16.6012479562406,0.416419409933435,0,10.0057282064827,6.0137151560428
"Zambia",2015-02-11,7,3,7,0,0,0,7.17463166731951,16.6012479562406,0.42889965804388,0,10.2103470568902,5.43372200355424
"Zambia",2015-02-12,7,3,7,0,0,0,7.17463166731951,16.6012479562406,0.487610653664788,0,10.0673056377655,5.605802066296
"Zambia",2015-02-13,7,3,7,0,0,1,7.17463166731951,16.6012479562406,0.47553404569587,0,10.0413781798756,6.31716468674728
"Zambia",2015-02-14,7,3,7,0,0,1,7.17463166731951,16.6012479562406,0.461182531307032,1,10.0861007334703,6.05678401322862
"Zambia",2015-02-15,7,3,7,0,0,0,7.17463166731951,16.6012479562406,0.461272118571503,1,10.080335824865,5.5683445037611
"Zambia",2015-02-16,7,3,7,0,0,0,7.17463166731951,16.6012479562406,0.449544718868967,0,10.0151630864267,5.40717177146012
"Zambia",2015-02-17,7,3,7,0,0,0,7.17463166731951,16.6012479562406,0.424220022762304,0,10.1890799431228,5.31811999384422
"Zambia",2015-02-18,7,3,7,0,0,0,7.17463166731951,16.6012479562406,0.460879295655623,0,10.0647982524184,5.92157841964382
"Zambia",2015-02-19,7,3,7,0,0,0,7.17463166731951,16.6012479562406,0.393897544019492,0,10.1830114372864,6.30261897574491
